"Recipient","PDF Path","IPFS CID","GitHub Issue","Date Sent"
"Coinbase","~/Desktop/Bitcoin_Notices_2025/Licensing_Notice_Coinbase_20250707.pdf","QmRkA2ewoDzkhEgKT2ypTfTJ6Uu3CsQie1cB1CRVy22nBg","https://github.com/Manny27nyc/Licensing_Disputes/issues/1","2025-07-07"
"Unknown","/Users/manuelnieves/Desktop/Bitcoin_Notices_2025/Invoice_Batch_240001_245000_202507.pdf","TO_BE_ADDED","https://github.com/Manny27nyc/Licensing_Disputes/issues/2","2025-07-10"
"Unknown","/Users/manuelnieves/Desktop/Bitcoin_Notices_2025/Invoice_Batch_580001_595000_202507.pdf","TO_BE_ADDED","https://github.com/Manny27nyc/Licensing_Disputes/issues/3","2025-07-10"
"Unknown","/Users/manuelnieves/Desktop/Bitcoin_Notices_2025/Invoice_Batch_235001_240000_202507.pdf","TO_BE_ADDED","https://github.com/Manny27nyc/Licensing_Disputes/issues/4","2025-07-10"
"Unknown","/Users/manuelnieves/Desktop/Bitcoin_Notices_2025/Invoice_Batch_215001_220000_202507.pdf","TO_BE_ADDED","https://github.com/Manny27nyc/Licensing_Disputes/issues/5","2025-07-10"
"Unknown","/Users/manuelnieves/Desktop/Bitcoin_Notices_2025/Invoice_Batch_145001_160000_202507.pdf","TO_BE_ADDED","https://github.com/Manny27nyc/Licensing_Disputes/issues/6","2025-07-10"
"Unknown","/Users/manuelnieves/Desktop/Bitcoin_Notices_2025/Invoice_Batch_70001_75000_202507.pdf","TO_BE_ADDED","https://github.com/Manny27nyc/Licensing_Disputes/issues/7","2025-07-10"
"Unknown","/Users/manuelnieves/Desktop/Bitcoin_Notices_2025/Invoice_Batch_80001_85000_202507.pdf","TO_BE_ADDED","https://github.com/Manny27nyc/Licensing_Disputes/issues/8","2025-07-10"
"Unknown","/Users/manuelnieves/Desktop/Bitcoin_Notices_2025/Invoice_Batch_295001_300000_202507.pdf","TO_BE_ADDED","https://github.com/Manny27nyc/Licensing_Disputes/issues/9","2025-07-10"
"Unknown","/Users/manuelnieves/Desktop/Bitcoin_Notices_2025/Invoice_Batch_11001_13000_202507.pdf","TO_BE_ADDED","https://github.com/Manny27nyc/Licensing_Disputes/issues/10","2025-07-10"
"Unknown","/Users/manuelnieves/Desktop/Bitcoin_Notices_2025/Invoice_Batch_795001_815000_202507.pdf","TO_BE_ADDED","https://github.com/Manny27nyc/Licensing_Disputes/issues/11","2025-07-10"
"Unknown","/Users/manuelnieves/Desktop/Bitcoin_Notices_2025/Invoice_Batch_695001_745000_202507.pdf","TO_BE_ADDED","https://github.com/Manny27nyc/Licensing_Disputes/issues/12","2025-07-10"
"Unknown","/Users/manuelnieves/Desktop/Bitcoin_Notices_2025/Invoice_Batch_200001_205000_202507.pdf","TO_BE_ADDED","https://github.com/Manny27nyc/Licensing_Disputes/issues/13","2025-07-10"
"Unknown","/Users/manuelnieves/Desktop/Bitcoin_Notices_2025/Invoice_Batch_255001_260000_202507.pdf","TO_BE_ADDED","https://github.com/Manny27nyc/Licensing_Disputes/issues/14","2025-07-10"
"Unknown","/Users/manuelnieves/Desktop/Bitcoin_Notices_2025/Invoice_Batch_29001_31000_202507.pdf","TO_BE_ADDED","https://github.com/Manny27nyc/Licensing_Disputes/issues/15","2025-07-10"
"Unknown","/Users/manuelnieves/Desktop/Bitcoin_Notices_2025/Invoice_Batch_165001_170000_202507.pdf","TO_BE_ADDED","https://github.com/Manny27nyc/Licensing_Disputes/issues/16","2025-07-10"
"Unknown","/Users/manuelnieves/Desktop/Bitcoin_Notices_2025/Invoice_Batch_370001_380000_202507.pdf","TO_BE_ADDED","https://github.com/Manny27nyc/Licensing_Disputes/issues/17","2025-07-10"
"Unknown","/Users/manuelnieves/Desktop/Bitcoin_Notices_2025/Invoice_Batch_355001_360000_202507.pdf","TO_BE_ADDED","https://github.com/Manny27nyc/Licensing_Disputes/issues/18","2025-07-10"
"Unknown","/Users/manuelnieves/Desktop/Bitcoin_Notices_2025/Invoice_Batch_300001_305000_202507.pdf","TO_BE_ADDED","https://github.com/Manny27nyc/Licensing_Disputes/issues/19","2025-07-10"
"Unknown","/Users/manuelnieves/Desktop/Bitcoin_Notices_2025/Invoice_Batch_315001_320000_202507.pdf","TO_BE_ADDED","https://github.com/Manny27nyc/Licensing_Disputes/issues/20","2025-07-10"
"Unknown","/Users/manuelnieves/Desktop/Bitcoin_Notices_2025/Invoice_Batch_335001_340000_202507.pdf","TO_BE_ADDED","https://github.com/Manny27nyc/Licensing_Disputes/issues/21","2025-07-10"
"Unknown","/Users/manuelnieves/Desktop/Bitcoin_Notices_2025/Invoice_Batch_340001_345000_202507.pdf","TO_BE_ADDED","https://github.com/Manny27nyc/Licensing_Disputes/issues/22","2025-07-10"
"Unknown","/Users/manuelnieves/Desktop/Bitcoin_Notices_2025/Invoice_Batch_33001_35000_202507.pdf","TO_BE_ADDED","https://github.com/Manny27nyc/Licensing_Disputes/issues/23","2025-07-10"
"Unknown","/Users/manuelnieves/Desktop/Bitcoin_Notices_2025/Invoice_Batch_125001_130000_202507.pdf","TO_BE_ADDED","https://github.com/Manny27nyc/Licensing_Disputes/issues/24","2025-07-10"
"Unknown","/Users/manuelnieves/Desktop/Bitcoin_Notices_2025/Invoice_Batch_Top1000_6_202507.pdf","TO_BE_ADDED","https://github.com/Manny27nyc/Licensing_Disputes/issues/25","2025-07-10"
"Unknown","/Users/manuelnieves/Desktop/Bitcoin_Notices_2025/Invoice_Batch_190001_195000_202507.pdf","TO_BE_ADDED","https://github.com/Manny27nyc/Licensing_Disputes/issues/26","2025-07-10"
"Unknown","/Users/manuelnieves/Desktop/Bitcoin_Notices_2025/Invoice_Batch_375001_390000_202507.pdf","TO_BE_ADDED","https://github.com/Manny27nyc/Licensing_Disputes/issues/27","2025-07-10"
"Unknown","/Users/manuelnieves/Desktop/Bitcoin_Notices_2025/Invoice_Batch_955001_975000_202507.pdf","TO_BE_ADDED","https://github.com/Manny27nyc/Licensing_Disputes/issues/28","2025-07-10"
"Unknown","/Users/manuelnieves/Desktop/Bitcoin_Notices_2025/Invoice_Batch_335001_350000_202507.pdf","TO_BE_ADDED","https://github.com/Manny27nyc/Licensing_Disputes/issues/29","2025-07-10"
"Unknown","/Users/manuelnieves/Desktop/Bitcoin_Notices_2025/Invoice_Batch_315001_330000_202507.pdf","TO_BE_ADDED","https://github.com/Manny27nyc/Licensing_Disputes/issues/30","2025-07-10"
"Unknown","/Users/manuelnieves/Desktop/Bitcoin_Notices_2025/Invoice_Batch_15001_17000_202507.pdf","TO_BE_ADDED","https://github.com/Manny27nyc/Licensing_Disputes/issues/31","2025-07-10"
"Unknown","/Users/manuelnieves/Desktop/Bitcoin_Notices_2025/Licensing_Notice_Authorship_Audit_WalletBundle_202507_202507.pdf","TO_BE_ADDED","https://github.com/Manny27nyc/Licensing_Disputes/issues/32","2025-07-10"
"Unknown","/Users/manuelnieves/Desktop/Bitcoin_Notices_2025/Invoice_Batch_000001_030000_202507.pdf","TO_BE_ADDED","https://github.com/Manny27nyc/Licensing_Disputes/issues/33","2025-07-10"
"Unknown","/Users/manuelnieves/Desktop/Bitcoin_Notices_2025/Licensing_Notice_WalletBundleEnforcement_202507_202507.pdf","TO_BE_ADDED","https://github.com/Manny27nyc/Licensing_Disputes/issues/34","2025-07-10"
"Unknown","/Users/manuelnieves/Desktop/Bitcoin_Notices_2025/Invoice_Batch_420001_495000_202507.pdf","TO_BE_ADDED","https://github.com/Manny27nyc/Licensing_Disputes/issues/35","2025-07-10"
"Unknown","/Users/manuelnieves/Desktop/Bitcoin_Notices_2025/Invoice_Batch_Top1000_3_202507.pdf","TO_BE_ADDED","https://github.com/Manny27nyc/Licensing_Disputes/issues/36","2025-07-10"
"Unknown","/Users/manuelnieves/Desktop/Bitcoin_Notices_2025/Invoice_Batch_935001_955000_202507.pdf","TO_BE_ADDED","https://github.com/Manny27nyc/Licensing_Disputes/issues/37","2025-07-10"
"Unknown","/Users/manuelnieves/Desktop/Bitcoin_Notices_2025/Generated_Notice_With_Fees.pdf","TO_BE_ADDED","https://github.com/Manny27nyc/Licensing_Disputes/issues/38","2025-07-10"
"Unknown","/Users/manuelnieves/Desktop/Bitcoin_Notices_2025/Invoice_Batch_915001_935000_202507.pdf","TO_BE_ADDED","https://github.com/Manny27nyc/Licensing_Disputes/issues/39","2025-07-10"
"Unknown","/Users/manuelnieves/Desktop/Bitcoin_Notices_2025/Invoice_Batch_300001_315000_202507.pdf","TO_BE_ADDED","https://github.com/Manny27nyc/Licensing_Disputes/issues/40","2025-07-10"
"Unknown","/Users/manuelnieves/Desktop/Bitcoin_Notices_2025/Invoice_Batch_975001_995000_202507.pdf","TO_BE_ADDED","https://github.com/Manny27nyc/Licensing_Disputes/issues/41","2025-07-10"
"Unknown","/Users/manuelnieves/Desktop/Bitcoin_Notices_2025/Invoice_Batch_895001_915000_202507.pdf","TO_BE_ADDED","https://github.com/Manny27nyc/Licensing_Disputes/issues/42","2025-07-10"
"Unknown","/Users/manuelnieves/Desktop/Bitcoin_Notices_2025/Invoice_Batch_450001_460000_202507.pdf","TO_BE_ADDED","https://github.com/Manny27nyc/Licensing_Disputes/issues/43","2025-07-10"
"Unknown","/Users/manuelnieves/Desktop/Bitcoin_Notices_2025/Invoice_Batch_150001_155000_202507.pdf","TO_BE_ADDED","https://github.com/Manny27nyc/Licensing_Disputes/issues/44","2025-07-10"
"Unknown","/Users/manuelnieves/Desktop/Bitcoin_Notices_2025/Invoice_Batch_815001_835000_202507.pdf","TO_BE_ADDED","https://github.com/Manny27nyc/Licensing_Disputes/issues/45","2025-07-10"
"Unknown","/Users/manuelnieves/Desktop/Bitcoin_Notices_2025/Invoice_Batch_835001_855000_202507.pdf","TO_BE_ADDED","https://github.com/Manny27nyc/Licensing_Disputes/issues/46","2025-07-10"
"Unknown","/Users/manuelnieves/Desktop/Bitcoin_Notices_2025/Invoice_Batch_Top1000_202507.pdf","TO_BE_ADDED","https://github.com/Manny27nyc/Licensing_Disputes/issues/47","2025-07-10"
"Unknown","/Users/manuelnieves/Desktop/Bitcoin_Notices_2025/Invoice_Batch_875001_895000_202507.pdf","TO_BE_ADDED","https://github.com/Manny27nyc/Licensing_Disputes/issues/48","2025-07-10"
"Unknown","/Users/manuelnieves/Desktop/Bitcoin_Notices_2025/Invoice_Batch_380001_395000_202507.pdf","TO_BE_ADDED","https://github.com/Manny27nyc/Licensing_Disputes/issues/49","2025-07-10"
"Unknown","/Users/manuelnieves/Desktop/Bitcoin_Notices_2025/Invoice_Batch_490001_500000_202507.pdf","TO_BE_ADDED","https://github.com/Manny27nyc/Licensing_Disputes/issues/50","2025-07-10"
"Unknown","/Users/manuelnieves/Desktop/Bitcoin_Notices_2025/Invoice_Batch_110001_115000_202507.pdf","TO_BE_ADDED","https://github.com/Manny27nyc/Licensing_Disputes/issues/51","2025-07-10"
"Unknown","/Users/manuelnieves/Desktop/Bitcoin_Notices_2025/Invoice_Batch_855001_875000_202507.pdf","TO_BE_ADDED","https://github.com/Manny27nyc/Licensing_Disputes/issues/52","2025-07-10"
"Unknown","/Users/manuelnieves/Desktop/Bitcoin_Notices_2025/Invoice_Batch_Next3_Round2_202507.pdf","TO_BE_ADDED","https://github.com/Manny27nyc/Licensing_Disputes/issues/53","2025-07-10"
"Unknown","/Users/manuelnieves/Desktop/Bitcoin_Notices_2025/Invoice_Batch_410001_420000_202507.pdf","TO_BE_ADDED","https://github.com/Manny27nyc/Licensing_Disputes/issues/54","2025-07-10"
"Unknown","/Users/manuelnieves/Desktop/Bitcoin_Notices_2025/Invoice_Batch_430001_440000_202507.pdf","TO_BE_ADDED","https://github.com/Manny27nyc/Licensing_Disputes/issues/55","2025-07-10"
"Unknown","/Users/manuelnieves/Desktop/Bitcoin_Notices_2025/Invoice_Batch_595001_615000_202507.pdf","TO_BE_ADDED","https://github.com/Manny27nyc/Licensing_Disputes/issues/56","2025-07-10"
"Unknown","/Users/manuelnieves/Desktop/Bitcoin_Notices_2025/Invoice_Batch_470001_480000_202507.pdf","TO_BE_ADDED","https://github.com/Manny27nyc/Licensing_Disputes/issues/57","2025-07-10"
"Unknown","/Users/manuelnieves/Desktop/Bitcoin_Notices_2025/Invoice_Batch_105001_110000_202507.pdf","TO_BE_ADDED","https://github.com/Manny27nyc/Licensing_Disputes/issues/58","2025-07-10"
"Unknown","/Users/manuelnieves/Desktop/Bitcoin_Notices_2025/Invoice_Batch_Top1000_9_202507.pdf","TO_BE_ADDED","https://github.com/Manny27nyc/Licensing_Disputes/issues/59","2025-07-10"
"Unknown","/Users/manuelnieves/Desktop/Bitcoin_Notices_2025/Invoice_Batch_17001_19000_202507.pdf","TO_BE_ADDED","https://github.com/Manny27nyc/Licensing_Disputes/issues/60","2025-07-10"
"Unknown","/Users/manuelnieves/Desktop/Bitcoin_Notices_2025/Invoice_Batch_360001_365000_202507.pdf","TO_BE_ADDED","https://github.com/Manny27nyc/Licensing_Disputes/issues/61","2025-07-10"
"Unknown","/Users/manuelnieves/Desktop/Bitcoin_Notices_2025/Cover_Letter_CoreBitcoin_20250708.pdf","TO_BE_ADDED","https://github.com/Manny27nyc/Licensing_Disputes/issues/62","2025-07-10"
"Unknown","/Users/manuelnieves/Desktop/Bitcoin_Notices_2025/Invoice_Batch_39001_41000_202507.pdf","TO_BE_ADDED","https://github.com/Manny27nyc/Licensing_Disputes/issues/63","2025-07-10"
"Unknown","/Users/manuelnieves/Desktop/Bitcoin_Notices_2025/Invoice_Batch_320001_325000_202507.pdf","TO_BE_ADDED","https://github.com/Manny27nyc/Licensing_Disputes/issues/64","2025-07-10"
"Unknown","/Users/manuelnieves/Desktop/Bitcoin_Notices_2025/Licensing_Notice_BitcoinExchangeAudit_202507_202507.pdf","TO_BE_ADDED","https://github.com/Manny27nyc/Licensing_Disputes/issues/65","2025-07-10"
"Unknown","/Users/manuelnieves/Desktop/Bitcoin_Notices_2025/Invoice_Batch_390001_400000_202507.pdf","TO_BE_ADDED","https://github.com/Manny27nyc/Licensing_Disputes/issues/66","2025-07-10"
"Unknown","/Users/manuelnieves/Desktop/Bitcoin_Notices_2025/Invoice_Batch_145001_150000_202507.pdf","TO_BE_ADDED","https://github.com/Manny27nyc/Licensing_Disputes/issues/67","2025-07-10"
"Unknown","/Users/manuelnieves/Desktop/Bitcoin_Notices_2025/Invoice_Batch_545001_595000_202507.pdf","TO_BE_ADDED","https://github.com/Manny27nyc/Licensing_Disputes/issues/68","2025-07-10"
"Unknown","/Users/manuelnieves/Desktop/Bitcoin_Notices_2025/Invoice_Batch_000001_010000_202507.pdf","TO_BE_ADDED","https://github.com/Manny27nyc/Licensing_Disputes/issues/69","2025-07-10"
"Unknown","/Users/manuelnieves/Desktop/Bitcoin_Notices_2025/Invoice_Batch_220001_225000_202507.pdf","TO_BE_ADDED","https://github.com/Manny27nyc/Licensing_Disputes/issues/70","2025-07-10"
"Unknown","/Users/manuelnieves/Desktop/Bitcoin_Notices_2025/Invoice_Batch_55001_60000_202507.pdf","TO_BE_ADDED","https://github.com/Manny27nyc/Licensing_Disputes/issues/71","2025-07-10"
"Unknown","/Users/manuelnieves/Desktop/Bitcoin_Notices_2025/Invoice_Batch_Top1000_4_202507.pdf","TO_BE_ADDED","https://github.com/Manny27nyc/Licensing_Disputes/issues/72","2025-07-10"
"Unknown","/Users/manuelnieves/Desktop/Bitcoin_Notices_2025/Licensing_Notice_CoreBitcoin_202507.pdf","TO_BE_ADDED","https://github.com/Manny27nyc/Licensing_Disputes/issues/73","2025-07-10"
"Unknown","/Users/manuelnieves/Desktop/Bitcoin_Notices_2025/Invoice_Batch_445001_495000_202507.pdf","TO_BE_ADDED","https://github.com/Manny27nyc/Licensing_Disputes/issues/74","2025-07-10"
"Unknown","/Users/manuelnieves/Desktop/Bitcoin_Notices_2025/Invoice_Batch_195001_200000_202507.pdf","TO_BE_ADDED","https://github.com/Manny27nyc/Licensing_Disputes/issues/75","2025-07-10"
"Unknown","/Users/manuelnieves/Desktop/Bitcoin_Notices_2025/Invoice_Batch_595001_645000_202507.pdf","TO_BE_ADDED","https://github.com/Manny27nyc/Licensing_Disputes/issues/76","2025-07-10"
"Unknown","/Users/manuelnieves/Desktop/Bitcoin_Notices_2025/Invoice_Batch_185001_190000_202507.pdf","TO_BE_ADDED","https://github.com/Manny27nyc/Licensing_Disputes/issues/77","2025-07-10"
"Unknown","/Users/manuelnieves/Desktop/Bitcoin_Notices_2025/Invoice_Batch_260001_265000_202507.pdf","TO_BE_ADDED","https://github.com/Manny27nyc/Licensing_Disputes/issues/78","2025-07-10"
"Unknown","/Users/manuelnieves/Desktop/Bitcoin_Notices_2025/Invoice_Batch_41001_50000_202507.pdf","TO_BE_ADDED","https://github.com/Manny27nyc/Licensing_Disputes/issues/79","2025-07-10"
"Unknown","/Users/manuelnieves/Desktop/Bitcoin_Notices_2025/Invoice_Batch_130001_135000_202507.pdf","TO_BE_ADDED","https://github.com/Manny27nyc/Licensing_Disputes/issues/80","2025-07-10"
"Unknown","/Users/manuelnieves/Desktop/Bitcoin_Notices_2025/Invoice_Batch_655001_675000_202507.pdf","TO_BE_ADDED","https://github.com/Manny27nyc/Licensing_Disputes/issues/81","2025-07-10"
"Unknown","/Users/manuelnieves/Desktop/Bitcoin_Notices_2025/Invoice_Batch_675001_695000_202507.pdf","TO_BE_ADDED","https://github.com/Manny27nyc/Licensing_Disputes/issues/82","2025-07-10"
"Unknown","/Users/manuelnieves/Desktop/Bitcoin_Notices_2025/Invoice_Batch_170001_175000_202507.pdf","TO_BE_ADDED","https://github.com/Manny27nyc/Licensing_Disputes/issues/83","2025-07-10"
"Unknown","/Users/manuelnieves/Desktop/Bitcoin_Notices_2025/Invoice_Batch_635001_655000_202507.pdf","TO_BE_ADDED","https://github.com/Manny27nyc/Licensing_Disputes/issues/84","2025-07-10"
"Unknown","/Users/manuelnieves/Desktop/Bitcoin_Notices_2025/Generated_Notice_Template.pdf","TO_BE_ADDED","https://github.com/Manny27nyc/Licensing_Disputes/issues/85","2025-07-10"
"Unknown","/Users/manuelnieves/Desktop/Bitcoin_Notices_2025/Invoice_Batch_615001_635000_202507.pdf","TO_BE_ADDED","https://github.com/Manny27nyc/Licensing_Disputes/issues/86","2025-07-10"
"Unknown","/Users/manuelnieves/Desktop/Bitcoin_Notices_2025/Invoice_Batch_795001_845000_202507.pdf","TO_BE_ADDED","https://github.com/Manny27nyc/Licensing_Disputes/issues/87","2025-07-10"
"Unknown","/Users/manuelnieves/Desktop/Bitcoin_Notices_2025/Invoice_Batch_90001_95000_202507.pdf","TO_BE_ADDED","https://github.com/Manny27nyc/Licensing_Disputes/issues/88","2025-07-10"
"Unknown","/Users/manuelnieves/Desktop/Bitcoin_Notices_2025/Invoice_Batch_95001_100000_202507.pdf","TO_BE_ADDED","https://github.com/Manny27nyc/Licensing_Disputes/issues/89","2025-07-10"
"Unknown","/Users/manuelnieves/Desktop/Bitcoin_Notices_2025/Invoice_Batch_60001_65000_202507.pdf","TO_BE_ADDED","https://github.com/Manny27nyc/Licensing_Disputes/issues/90","2025-07-10"
"Unknown","/Users/manuelnieves/Desktop/Bitcoin_Notices_2025/Invoice_Batch_695001_715000_202507.pdf","TO_BE_ADDED","https://github.com/Manny27nyc/Licensing_Disputes/issues/91","2025-07-10"
"Unknown","/Users/manuelnieves/Desktop/Bitcoin_Notices_2025/Invoice_Batch_23001_25000_202507.pdf","TO_BE_ADDED","https://github.com/Manny27nyc/Licensing_Disputes/issues/92","2025-07-10"
"Unknown","/Users/manuelnieves/Desktop/Bitcoin_Notices_2025/Invoice_Batch_320001_335000_202507.pdf","TO_BE_ADDED","https://github.com/Manny27nyc/Licensing_Disputes/issues/93","2025-07-10"
"Unknown","/Users/manuelnieves/Desktop/Bitcoin_Notices_2025/Invoice_Batch_775001_795000_202507.pdf","TO_BE_ADDED","https://github.com/Manny27nyc/Licensing_Disputes/issues/94","2025-07-10"
"Unknown","/Users/manuelnieves/Desktop/Bitcoin_Notices_2025/Invoice_Batch_715001_735000_202507.pdf","TO_BE_ADDED","https://github.com/Manny27nyc/Licensing_Disputes/issues/95","2025-07-10"
"Unknown","/Users/manuelnieves/Desktop/Bitcoin_Notices_2025/Invoice_Batch_735001_755000_202507.pdf","TO_BE_ADDED","https://github.com/Manny27nyc/Licensing_Disputes/issues/96","2025-07-10"
"Unknown","/Users/manuelnieves/Desktop/Bitcoin_Notices_2025/Cover_Letter_Invoice_Batch_500k_20250709.pdf","TO_BE_ADDED","https://github.com/Manny27nyc/Licensing_Disputes/issues/97","2025-07-10"
"Unknown","/Users/manuelnieves/Desktop/Bitcoin_Notices_2025/Invoice_Batch_395001_410000_202507.pdf","TO_BE_ADDED","https://github.com/Manny27nyc/Licensing_Disputes/issues/98","2025-07-10"
"Unknown","/Users/manuelnieves/Desktop/Bitcoin_Notices_2025/Invoice_Batch_360001_375000_202507.pdf","TO_BE_ADDED","https://github.com/Manny27nyc/Licensing_Disputes/issues/99","2025-07-10"
"Unknown","/Users/manuelnieves/Desktop/Bitcoin_Notices_2025/Invoice_Batch_755001_775000_202507.pdf","TO_BE_ADDED","https://github.com/Manny27nyc/Licensing_Disputes/issues/100","2025-07-10"
"Unknown","/Users/manuelnieves/Desktop/Bitcoin_Notices_2025/Invoice_Batch_345001_360000_202507.pdf","TO_BE_ADDED","https://github.com/Manny27nyc/Licensing_Disputes/issues/101","2025-07-10"
"Unknown","/Users/manuelnieves/Desktop/Bitcoin_Notices_2025/Invoice_Batch_1055001_1075000_202507.pdf","TO_BE_ADDED","https://github.com/Manny27nyc/Licensing_Disputes/issues/102","2025-07-10"
"Unknown","/Users/manuelnieves/Desktop/Bitcoin_Notices_2025/Invoice_Batch_845001_945000_202507.pdf","TO_BE_ADDED","https://github.com/Manny27nyc/Licensing_Disputes/issues/103","2025-07-10"
"Unknown","/Users/manuelnieves/Desktop/Bitcoin_Notices_2025/Licensing_Notice_BITCOIN_LEGAL_AUDIT_20250629_202507.pdf","TO_BE_ADDED","https://github.com/Manny27nyc/Licensing_Disputes/issues/104","2025-07-10"
"Unknown","/Users/manuelnieves/Desktop/Bitcoin_Notices_2025/Invoice_Batch_225001_230000_202507.pdf","TO_BE_ADDED","https://github.com/Manny27nyc/Licensing_Disputes/issues/105","2025-07-10"
"Unknown","/Users/manuelnieves/Desktop/Bitcoin_Notices_2025/Invoice_Batch_495001_545000_202507.pdf","TO_BE_ADDED","https://github.com/Manny27nyc/Licensing_Disputes/issues/106","2025-07-10"
"Unknown","/Users/manuelnieves/Desktop/Bitcoin_Notices_2025/Invoice_Batch_265001_270000_202507.pdf","TO_BE_ADDED","https://github.com/Manny27nyc/Licensing_Disputes/issues/107","2025-07-10"
"Unknown","/Users/manuelnieves/Desktop/Bitcoin_Notices_2025/Invoice_Batch_Top1000_2_202507.pdf","TO_BE_ADDED","https://github.com/Manny27nyc/Licensing_Disputes/issues/108","2025-07-10"
"Unknown","/Users/manuelnieves/Desktop/Bitcoin_Notices_2025/Invoice_Batch_365001_380000_202507.pdf","TO_BE_ADDED","https://github.com/Manny27nyc/Licensing_Disputes/issues/109","2025-07-10"
"Unknown","/Users/manuelnieves/Desktop/Bitcoin_Notices_2025/Invoice_Batch_180001_185000_202507.pdf","TO_BE_ADDED","https://github.com/Manny27nyc/Licensing_Disputes/issues/110","2025-07-10"
"Unknown","/Users/manuelnieves/Desktop/Bitcoin_Notices_2025/wallet_cpp_notices/Licensing_Notice_carboncointrust_CarboncoinCore_wallet_cpp.pdf","TO_BE_ADDED","https://github.com/Manny27nyc/Licensing_Disputes/issues/111","2025-07-10"
"Unknown","/Users/manuelnieves/Desktop/Bitcoin_Notices_2025/wallet_cpp_notices/Licensing_Notice_shellpay_shellcoin_wallet_cpp.pdf","TO_BE_ADDED","https://github.com/Manny27nyc/Licensing_Disputes/issues/112","2025-07-10"
"Unknown","/Users/manuelnieves/Desktop/Bitcoin_Notices_2025/wallet_cpp_notices/Licensing_Notice_vindaxcom_vindax-chain_wallet_cpp.pdf","TO_BE_ADDED","https://github.com/Manny27nyc/Licensing_Disputes/issues/113","2025-07-10"
"Unknown","/Users/manuelnieves/Desktop/Bitcoin_Notices_2025/wallet_cpp_notices/Licensing_Notice_virtacoinplus_virtacoinplus_wallet_cpp.pdf","TO_BE_ADDED","https://github.com/Manny27nyc/Licensing_Disputes/issues/114","2025-07-10"
"Unknown","/Users/manuelnieves/Desktop/Bitcoin_Notices_2025/wallet_cpp_notices/Licensing_Notice_team-exor_exor_wallet_cpp.pdf","TO_BE_ADDED","https://github.com/Manny27nyc/Licensing_Disputes/issues/115","2025-07-10"
"Unknown","/Users/manuelnieves/Desktop/Bitcoin_Notices_2025/wallet_cpp_notices/Licensing_Notice_Deviantcoin_Source_wallet_cpp.pdf","TO_BE_ADDED","https://github.com/Manny27nyc/Licensing_Disputes/issues/116","2025-07-10"
"Unknown","/Users/manuelnieves/Desktop/Bitcoin_Notices_2025/wallet_cpp_notices/Licensing_Notice_BitcoinAdult_Bitcoin-Adult-Source-Code-v.1.1.0.0---New-Code_wallet_cpp.pdf","TO_BE_ADDED","https://github.com/Manny27nyc/Licensing_Disputes/issues/117","2025-07-10"
"Unknown","/Users/manuelnieves/Desktop/Bitcoin_Notices_2025/wallet_cpp_notices/Licensing_Notice_AegeusCoin_aegeus_wallet_cpp.pdf","TO_BE_ADDED","https://github.com/Manny27nyc/Licensing_Disputes/issues/118","2025-07-10"
"Unknown","/Users/manuelnieves/Desktop/Bitcoin_Notices_2025/wallet_cpp_notices/Licensing_Notice_shogdite_letitride_wallet_cpp.pdf","TO_BE_ADDED","https://github.com/Manny27nyc/Licensing_Disputes/issues/119","2025-07-10"
"Unknown","/Users/manuelnieves/Desktop/Bitcoin_Notices_2025/wallet_cpp_notices/Licensing_Notice_insta-cash_instacash_wallet_cpp.pdf","TO_BE_ADDED","https://github.com/Manny27nyc/Licensing_Disputes/issues/120","2025-07-10"
"Unknown","/Users/manuelnieves/Desktop/Bitcoin_Notices_2025/wallet_cpp_notices/Licensing_Notice_bitcrystal_temp2_wallet_cpp.pdf","TO_BE_ADDED","https://github.com/Manny27nyc/Licensing_Disputes/issues/121","2025-07-10"
"Unknown","/Users/manuelnieves/Desktop/Bitcoin_Notices_2025/wallet_cpp_notices/Licensing_Notice_grain-crypto_grain_wallet_cpp.pdf","TO_BE_ADDED","https://github.com/Manny27nyc/Licensing_Disputes/issues/122","2025-07-10"
"Unknown","/Users/manuelnieves/Desktop/Bitcoin_Notices_2025/wallet_cpp_notices/Licensing_Notice_bytemaster_bitshares_wallet_cpp.pdf","TO_BE_ADDED","https://github.com/Manny27nyc/Licensing_Disputes/issues/123","2025-07-10"
"Unknown","/Users/manuelnieves/Desktop/Bitcoin_Notices_2025/wallet_cpp_notices/Licensing_Notice_part-of-the-crew_ul_cpp_course_wallet_cpp.pdf","TO_BE_ADDED","https://github.com/Manny27nyc/Licensing_Disputes/issues/124","2025-07-10"
"Unknown","/Users/manuelnieves/Desktop/Bitcoin_Notices_2025/wallet_cpp_notices/Licensing_Notice_LapoLab_LAPO-Blockchain-Stable_wallet_cpp.pdf","TO_BE_ADDED","https://github.com/Manny27nyc/Licensing_Disputes/issues/125","2025-07-10"
"Unknown","/Users/manuelnieves/Desktop/Bitcoin_Notices_2025/wallet_cpp_notices/Licensing_Notice_okcashpro_okcash_wallet_cpp.pdf","TO_BE_ADDED","https://github.com/Manny27nyc/Licensing_Disputes/issues/126","2025-07-10"
"Unknown","/Users/manuelnieves/Desktop/Bitcoin_Notices_2025/wallet_cpp_notices/Licensing_Notice_white92d15b7_NLX_wallet_cpp.pdf","TO_BE_ADDED","https://github.com/Manny27nyc/Licensing_Disputes/issues/127","2025-07-10"
"Unknown","/Users/manuelnieves/Desktop/Bitcoin_Notices_2025/wallet_cpp_notices/Licensing_Notice_ccen_bitcoinL_wallet_cpp.pdf","TO_BE_ADDED","https://github.com/Manny27nyc/Licensing_Disputes/issues/128","2025-07-10"
"Unknown","/Users/manuelnieves/Desktop/Bitcoin_Notices_2025/wallet_cpp_notices/Licensing_Notice_quatloos_quatloo_wallet_cpp.pdf","TO_BE_ADDED","https://github.com/Manny27nyc/Licensing_Disputes/issues/129","2025-07-10"
"Unknown","/Users/manuelnieves/Desktop/Bitcoin_Notices_2025/wallet_cpp_notices/Licensing_Notice_bitshares_gwallet_wallet_cpp.pdf","TO_BE_ADDED","https://github.com/Manny27nyc/Licensing_Disputes/issues/130","2025-07-10"
"Unknown","/Users/manuelnieves/Desktop/Bitcoin_Notices_2025/wallet_cpp_notices/Licensing_Notice_CloakProject_CloakCoin_wallet_cpp.pdf","TO_BE_ADDED","https://github.com/Manny27nyc/Licensing_Disputes/issues/131","2025-07-10"
"Unknown","/Users/manuelnieves/Desktop/Bitcoin_Notices_2025/wallet_cpp_notices/Licensing_Notice_usecredits_Credits_wallet_cpp.pdf","TO_BE_ADDED","https://github.com/Manny27nyc/Licensing_Disputes/issues/132","2025-07-10"
"Unknown","/Users/manuelnieves/Desktop/Bitcoin_Notices_2025/wallet_cpp_notices/Licensing_Notice_ammaryasir2099_SaveWorldBlockChain_wallet_cpp.pdf","TO_BE_ADDED","https://github.com/Manny27nyc/Licensing_Disputes/issues/133","2025-07-10"
"Unknown","/Users/manuelnieves/Desktop/Bitcoin_Notices_2025/wallet_cpp_notices/Licensing_Notice_Salvage-Ex_Salvage-old2_wallet_cpp.pdf","TO_BE_ADDED","https://github.com/Manny27nyc/Licensing_Disputes/issues/134","2025-07-10"
"Unknown","/Users/manuelnieves/Desktop/Bitcoin_Notices_2025/wallet_cpp_notices/Licensing_Notice_SphereDevs_sphere_wallet_cpp.pdf","TO_BE_ADDED","https://github.com/Manny27nyc/Licensing_Disputes/issues/135","2025-07-10"
"Unknown","/Users/manuelnieves/Desktop/Bitcoin_Notices_2025/wallet_cpp_notices/Licensing_Notice_ghostlander_Phoenixcoin-v0.6_wallet_cpp.pdf","TO_BE_ADDED","https://github.com/Manny27nyc/Licensing_Disputes/issues/136","2025-07-10"
"Unknown","/Users/manuelnieves/Desktop/Bitcoin_Notices_2025/wallet_cpp_notices/Licensing_Notice_mini-coin_minicoin_wallet_cpp.pdf","TO_BE_ADDED","https://github.com/Manny27nyc/Licensing_Disputes/issues/137","2025-07-10"
"Unknown","/Users/manuelnieves/Desktop/Bitcoin_Notices_2025/wallet_cpp_notices/Licensing_Notice_catedoge_catedoge_wallet_cpp.pdf","TO_BE_ADDED","https://github.com/Manny27nyc/Licensing_Disputes/issues/138","2025-07-10"
"Unknown","/Users/manuelnieves/Desktop/Bitcoin_Notices_2025/wallet_cpp_notices/Licensing_Notice_qterm_qterm_wallet_cpp.pdf","TO_BE_ADDED","https://github.com/Manny27nyc/Licensing_Disputes/issues/139","2025-07-10"
"Unknown","/Users/manuelnieves/Desktop/Bitcoin_Notices_2025/wallet_cpp_notices/Licensing_Notice_JohnMnemonick_UralsCoin-1.0_wallet_cpp.pdf","TO_BE_ADDED","https://github.com/Manny27nyc/Licensing_Disputes/issues/140","2025-07-10"
"Unknown","/Users/manuelnieves/Desktop/Bitcoin_Notices_2025/wallet_cpp_notices/Licensing_Notice_yagamidev_dit-wip_wallet_cpp.pdf","TO_BE_ADDED","https://github.com/Manny27nyc/Licensing_Disputes/issues/141","2025-07-10"
"Unknown","/Users/manuelnieves/Desktop/Bitcoin_Notices_2025/wallet_cpp_notices/Licensing_Notice_fuguecoin_fuguecoin_wallet_cpp.pdf","TO_BE_ADDED","https://github.com/Manny27nyc/Licensing_Disputes/issues/142","2025-07-10"
"Unknown","/Users/manuelnieves/Desktop/Bitcoin_Notices_2025/wallet_cpp_notices/Licensing_Notice_neutrinofoundation_neutrino-digital-currency_wallet_cpp.pdf","TO_BE_ADDED","https://github.com/Manny27nyc/Licensing_Disputes/issues/143","2025-07-10"
"Unknown","/Users/manuelnieves/Desktop/Bitcoin_Notices_2025/wallet_cpp_notices/Licensing_Notice_vertcoin_eyeglass_wallet_cpp.pdf","TO_BE_ADDED","https://github.com/Manny27nyc/Licensing_Disputes/issues/144","2025-07-10"
"Unknown","/Users/manuelnieves/Desktop/Bitcoin_Notices_2025/wallet_cpp_notices/Licensing_Notice_im-abdulmannan_Trading-Application-cpp_wallet_cpp.pdf","TO_BE_ADDED","https://github.com/Manny27nyc/Licensing_Disputes/issues/145","2025-07-10"
"Unknown","/Users/manuelnieves/Desktop/Bitcoin_Notices_2025/wallet_cpp_notices/Licensing_Notice_cubex-network_cubex_wallet_cpp.pdf","TO_BE_ADDED","https://github.com/Manny27nyc/Licensing_Disputes/issues/146","2025-07-10"
"Unknown","/Users/manuelnieves/Desktop/Bitcoin_Notices_2025/wallet_cpp_notices/Licensing_Notice_UBIC-repo_core_wallet_cpp.pdf","TO_BE_ADDED","https://github.com/Manny27nyc/Licensing_Disputes/issues/147","2025-07-10"
"Unknown","/Users/manuelnieves/Desktop/Bitcoin_Notices_2025/wallet_cpp_notices/Licensing_Notice_jusex_TesraSupernet_wallet_cpp.pdf","TO_BE_ADDED","https://github.com/Manny27nyc/Licensing_Disputes/issues/148","2025-07-10"
"Unknown","/Users/manuelnieves/Desktop/Bitcoin_Notices_2025/wallet_cpp_notices/Licensing_Notice_InterstellarHoldings_StellarHoldings_wallet_cpp.pdf","TO_BE_ADDED","https://github.com/Manny27nyc/Licensing_Disputes/issues/149","2025-07-10"
"Unknown","/Users/manuelnieves/Desktop/Bitcoin_Notices_2025/wallet_cpp_notices/Licensing_Notice_Crypto-Currency_LitecoinPlus_wallet_cpp.pdf","TO_BE_ADDED","https://github.com/Manny27nyc/Licensing_Disputes/issues/150","2025-07-10"
"Unknown","/Users/manuelnieves/Desktop/Bitcoin_Notices_2025/wallet_cpp_notices/Licensing_Notice_TheCryptoChat_INFO_wallet_cpp.pdf","TO_BE_ADDED","https://github.com/Manny27nyc/Licensing_Disputes/issues/151","2025-07-10"
"Unknown","/Users/manuelnieves/Desktop/Bitcoin_Notices_2025/wallet_cpp_notices/Licensing_Notice_Rozu_Pennies_wallet_cpp.pdf","TO_BE_ADDED","https://github.com/Manny27nyc/Licensing_Disputes/issues/152","2025-07-10"
"Unknown","/Users/manuelnieves/Desktop/Bitcoin_Notices_2025/wallet_cpp_notices/Licensing_Notice_fractalcoin_fractalcoin_wallet_cpp.pdf","TO_BE_ADDED","https://github.com/Manny27nyc/Licensing_Disputes/issues/153","2025-07-10"
"Unknown","/Users/manuelnieves/Desktop/Bitcoin_Notices_2025/wallet_cpp_notices/Licensing_Notice_mooncoin-project_mooncoin-landann_wallet_cpp.pdf","TO_BE_ADDED","https://github.com/Manny27nyc/Licensing_Disputes/issues/154","2025-07-10"
"Unknown","/Users/manuelnieves/Desktop/Bitcoin_Notices_2025/wallet_cpp_notices/Licensing_Notice_CCPorg_MEC-MegaCoin-Ver-179600-Copy_wallet_cpp.pdf","TO_BE_ADDED","https://github.com/Manny27nyc/Licensing_Disputes/issues/155","2025-07-10"
"Unknown","/Users/manuelnieves/Desktop/Bitcoin_Notices_2025/wallet_cpp_notices/Licensing_Notice_Crypto-Currency_litebar_wallet_cpp.pdf","TO_BE_ADDED","https://github.com/Manny27nyc/Licensing_Disputes/issues/156","2025-07-10"
"Unknown","/Users/manuelnieves/Desktop/Bitcoin_Notices_2025/wallet_cpp_notices/Licensing_Notice_zoin_zoin_wallet_cpp.pdf","TO_BE_ADDED","https://github.com/Manny27nyc/Licensing_Disputes/issues/157","2025-07-10"
"Unknown","/Users/manuelnieves/Desktop/Bitcoin_Notices_2025/wallet_cpp_notices/Licensing_Notice_quantumbitcoin_phc-core_wallet_cpp.pdf","TO_BE_ADDED","https://github.com/Manny27nyc/Licensing_Disputes/issues/158","2025-07-10"
"Unknown","/Users/manuelnieves/Desktop/Bitcoin_Notices_2025/wallet_cpp_notices/Licensing_Notice_rotocoin_rotocoin_wallet_cpp.pdf","TO_BE_ADDED","https://github.com/Manny27nyc/Licensing_Disputes/issues/159","2025-07-10"
"Unknown","/Users/manuelnieves/Desktop/Bitcoin_Notices_2025/wallet_cpp_notices/Licensing_Notice_KrakenCoins_Kraken_wallet_cpp.pdf","TO_BE_ADDED","https://github.com/Manny27nyc/Licensing_Disputes/issues/160","2025-07-10"
"Unknown","/Users/manuelnieves/Desktop/Bitcoin_Notices_2025/wallet_cpp_notices/Licensing_Notice_talkcoin_talkcoin-wallet_wallet_cpp.pdf","TO_BE_ADDED","https://github.com/Manny27nyc/Licensing_Disputes/issues/161","2025-07-10"
"Unknown","/Users/manuelnieves/Desktop/Bitcoin_Notices_2025/wallet_cpp_notices/Licensing_Notice_KELVI23_trading-matching-engine_wallet_cpp.pdf","TO_BE_ADDED","https://github.com/Manny27nyc/Licensing_Disputes/issues/162","2025-07-10"
"Unknown","/Users/manuelnieves/Desktop/Bitcoin_Notices_2025/wallet_cpp_notices/Licensing_Notice_Glasslock_LiteCloud_wallet_cpp.pdf","TO_BE_ADDED","https://github.com/Manny27nyc/Licensing_Disputes/issues/163","2025-07-10"
"Unknown","/Users/manuelnieves/Desktop/Bitcoin_Notices_2025/wallet_cpp_notices/Licensing_Notice_SipsCo_Sips_wallet_cpp.pdf","TO_BE_ADDED","https://github.com/Manny27nyc/Licensing_Disputes/issues/164","2025-07-10"
"Unknown","/Users/manuelnieves/Desktop/Bitcoin_Notices_2025/wallet_cpp_notices/Licensing_Notice_LUX-Core_lux_wallet_cpp.pdf","TO_BE_ADDED","https://github.com/Manny27nyc/Licensing_Disputes/issues/165","2025-07-10"
"Unknown","/Users/manuelnieves/Desktop/Bitcoin_Notices_2025/wallet_cpp_notices/Licensing_Notice_eagleflies_noblecoin_wallet_cpp.pdf","TO_BE_ADDED","https://github.com/Manny27nyc/Licensing_Disputes/issues/166","2025-07-10"
"Unknown","/Users/manuelnieves/Desktop/Bitcoin_Notices_2025/wallet_cpp_notices/Licensing_Notice_exohood_exowallet-core_wallet_cpp.pdf","TO_BE_ADDED","https://github.com/Manny27nyc/Licensing_Disputes/issues/167","2025-07-10"
"Unknown","/Users/manuelnieves/Desktop/Bitcoin_Notices_2025/wallet_cpp_notices/Licensing_Notice_Genesis-GG20_IZEcoinMN_wallet_cpp.pdf","TO_BE_ADDED","https://github.com/Manny27nyc/Licensing_Disputes/issues/168","2025-07-10"
"Unknown","/Users/manuelnieves/Desktop/Bitcoin_Notices_2025/wallet_cpp_notices/Licensing_Notice_IOC-CORE_DIONS_wallet_cpp.pdf","TO_BE_ADDED","https://github.com/Manny27nyc/Licensing_Disputes/issues/169","2025-07-10"
"Unknown","/Users/manuelnieves/Desktop/Bitcoin_Notices_2025/wallet_cpp_notices/Licensing_Notice_TheGCCcoin_TheGCCcoin-source-code_wallet_cpp.pdf","TO_BE_ADDED","https://github.com/Manny27nyc/Licensing_Disputes/issues/170","2025-07-10"
"Unknown","/Users/manuelnieves/Desktop/Bitcoin_Notices_2025/wallet_cpp_notices/Licensing_Notice_cobrabytes_cobrax_wallet_cpp.pdf","TO_BE_ADDED","https://github.com/Manny27nyc/Licensing_Disputes/issues/171","2025-07-10"
"Unknown","/Users/manuelnieves/Desktop/Bitcoin_Notices_2025/wallet_cpp_notices/Licensing_Notice_MaazMikail_Miniature-Trading-Exchange_wallet_cpp.pdf","TO_BE_ADDED","https://github.com/Manny27nyc/Licensing_Disputes/issues/172","2025-07-10"
"Unknown","/Users/manuelnieves/Desktop/Bitcoin_Notices_2025/wallet_cpp_notices/Licensing_Notice_magnetwork_mag_wallet_cpp.pdf","TO_BE_ADDED","https://github.com/Manny27nyc/Licensing_Disputes/issues/173","2025-07-10"
"Unknown","/Users/manuelnieves/Desktop/Bitcoin_Notices_2025/wallet_cpp_notices/Licensing_Notice_devxxxcoin_xxxcoin_wallet_cpp.pdf","TO_BE_ADDED","https://github.com/Manny27nyc/Licensing_Disputes/issues/174","2025-07-10"
"Unknown","/Users/manuelnieves/Desktop/Bitcoin_Notices_2025/wallet_cpp_notices/Licensing_Notice_edcash-project_edcash_wallet_cpp.pdf","TO_BE_ADDED","https://github.com/Manny27nyc/Licensing_Disputes/issues/175","2025-07-10"
"Unknown","/Users/manuelnieves/Desktop/Bitcoin_Notices_2025/wallet_cpp_notices/Licensing_Notice_mohitydv09_merkelrex_wallet_cpp.pdf","TO_BE_ADDED","https://github.com/Manny27nyc/Licensing_Disputes/issues/176","2025-07-10"
"Unknown","/Users/manuelnieves/Desktop/Bitcoin_Notices_2025/wallet_cpp_notices/Licensing_Notice_LuckycoinFoundation_LuckycoinCore_wallet_cpp.pdf","TO_BE_ADDED","https://github.com/Manny27nyc/Licensing_Disputes/issues/177","2025-07-10"
"Unknown","/Users/manuelnieves/Desktop/Bitcoin_Notices_2025/wallet_cpp_notices/Licensing_Notice_MotoAcidic_bdcashprotocol-bdeco_wallet_cpp.pdf","TO_BE_ADDED","https://github.com/Manny27nyc/Licensing_Disputes/issues/178","2025-07-10"
"Unknown","/Users/manuelnieves/Desktop/Bitcoin_Notices_2025/wallet_cpp_notices/Licensing_Notice_kewde_shadowproject_wallet_cpp.pdf","TO_BE_ADDED","https://github.com/Manny27nyc/Licensing_Disputes/issues/179","2025-07-10"
"Unknown","/Users/manuelnieves/Desktop/Bitcoin_Notices_2025/wallet_cpp_notices/Licensing_Notice_marmolejo_zerocash_wallet_cpp.pdf","TO_BE_ADDED","https://github.com/Manny27nyc/Licensing_Disputes/issues/180","2025-07-10"
"Unknown","/Users/manuelnieves/Desktop/Bitcoin_Notices_2025/wallet_cpp_notices/Licensing_Notice_FoundationAwesome_coinawesome-qt_wallet_cpp.pdf","TO_BE_ADDED","https://github.com/Manny27nyc/Licensing_Disputes/issues/181","2025-07-10"
"Unknown","/Users/manuelnieves/Desktop/Bitcoin_Notices_2025/wallet_cpp_notices/Licensing_Notice_sparklecoin_sparklecoin_wallet_cpp.pdf","TO_BE_ADDED","https://github.com/Manny27nyc/Licensing_Disputes/issues/182","2025-07-10"
"Unknown","/Users/manuelnieves/Desktop/Bitcoin_Notices_2025/wallet_cpp_notices/Licensing_Notice_cryptomaroc_atlascoin_wallet_cpp.pdf","TO_BE_ADDED","https://github.com/Manny27nyc/Licensing_Disputes/issues/183","2025-07-10"
"Unknown","/Users/manuelnieves/Desktop/Bitcoin_Notices_2025/wallet_cpp_notices/Licensing_Notice_sacarlson_MultiCoin_wallet_cpp.pdf","TO_BE_ADDED","https://github.com/Manny27nyc/Licensing_Disputes/issues/184","2025-07-10"
"Unknown","/Users/manuelnieves/Desktop/Bitcoin_Notices_2025/wallet_cpp_notices/Licensing_Notice_GOSTSec_gostcoin_wallet_cpp.pdf","TO_BE_ADDED","https://github.com/Manny27nyc/Licensing_Disputes/issues/185","2025-07-10"
"Unknown","/Users/manuelnieves/Desktop/Bitcoin_Notices_2025/wallet_cpp_notices/Licensing_Notice_fcecin_scicoin_wallet_cpp.pdf","TO_BE_ADDED","https://github.com/Manny27nyc/Licensing_Disputes/issues/186","2025-07-10"
"Unknown","/Users/manuelnieves/Desktop/Bitcoin_Notices_2025/wallet_cpp_notices/Licensing_Notice_ipsum-network_ips_wallet_cpp.pdf","TO_BE_ADDED","https://github.com/Manny27nyc/Licensing_Disputes/issues/187","2025-07-10"
"Unknown","/Users/manuelnieves/Desktop/Bitcoin_Notices_2025/wallet_cpp_notices/Licensing_Notice_Bitholddev_Bithold_wallet_cpp.pdf","TO_BE_ADDED","https://github.com/Manny27nyc/Licensing_Disputes/issues/188","2025-07-10"
"Unknown","/Users/manuelnieves/Desktop/Bitcoin_Notices_2025/wallet_cpp_notices/Licensing_Notice_madMAx43v3r_mmx-node_wallet_cpp.pdf","TO_BE_ADDED","https://github.com/Manny27nyc/Licensing_Disputes/issues/189","2025-07-10"
"Unknown","/Users/manuelnieves/Desktop/Bitcoin_Notices_2025/wallet_cpp_notices/Licensing_Notice_UlinduP_Crypto-Trading-Platform_wallet_cpp.pdf","TO_BE_ADDED","https://github.com/Manny27nyc/Licensing_Disputes/issues/190","2025-07-10"
"Unknown","/Users/manuelnieves/Desktop/Bitcoin_Notices_2025/wallet_cpp_notices/Licensing_Notice_fingster_BTC-Express_wallet_cpp.pdf","TO_BE_ADDED","https://github.com/Manny27nyc/Licensing_Disputes/issues/191","2025-07-10"
"Unknown","/Users/manuelnieves/Desktop/Bitcoin_Notices_2025/wallet_cpp_notices/Licensing_Notice_Vishkrish108_Crypto-Trading-Platform_wallet_cpp.pdf","TO_BE_ADDED","https://github.com/Manny27nyc/Licensing_Disputes/issues/192","2025-07-10"
"Unknown","/Users/manuelnieves/Desktop/Bitcoin_Notices_2025/wallet_cpp_notices/Licensing_Notice_mammix2_litecoinplus_wallet_cpp.pdf","TO_BE_ADDED","https://github.com/Manny27nyc/Licensing_Disputes/issues/193","2025-07-10"
"Unknown","/Users/manuelnieves/Desktop/Bitcoin_Notices_2025/wallet_cpp_notices/Licensing_Notice_hemantprakash2005_crypto_trade_wallet_cpp.pdf","TO_BE_ADDED","https://github.com/Manny27nyc/Licensing_Disputes/issues/194","2025-07-10"
"Unknown","/Users/manuelnieves/Desktop/Bitcoin_Notices_2025/wallet_cpp_notices/Licensing_Notice_1776Token_1776_wallet_cpp.pdf","TO_BE_ADDED","https://github.com/Manny27nyc/Licensing_Disputes/issues/195","2025-07-10"
"Unknown","/Users/manuelnieves/Desktop/Bitcoin_Notices_2025/wallet_cpp_notices/Licensing_Notice_RdeWilde_ionx_wallet_cpp.pdf","TO_BE_ADDED","https://github.com/Manny27nyc/Licensing_Disputes/issues/196","2025-07-10"
"Unknown","/Users/manuelnieves/Desktop/Bitcoin_Notices_2025/wallet_cpp_notices/Licensing_Notice_growersintl_growers_wallet_cpp.pdf","TO_BE_ADDED","https://github.com/Manny27nyc/Licensing_Disputes/issues/197","2025-07-10"
"Unknown","/Users/manuelnieves/Desktop/Bitcoin_Notices_2025/wallet_cpp_notices/Licensing_Notice_bytebar_devcoin_wallet_cpp.pdf","TO_BE_ADDED","https://github.com/Manny27nyc/Licensing_Disputes/issues/198","2025-07-10"
"Unknown","/Users/manuelnieves/Desktop/Bitcoin_Notices_2025/wallet_cpp_notices/Licensing_Notice_laowais_bitcoindark_wallet_cpp.pdf","TO_BE_ADDED","https://github.com/Manny27nyc/Licensing_Disputes/issues/199","2025-07-10"
"Unknown","/Users/manuelnieves/Desktop/Bitcoin_Notices_2025/wallet_cpp_notices/Licensing_Notice_Bitspender_Tamcoin_wallet_cpp.pdf","TO_BE_ADDED","https://github.com/Manny27nyc/Licensing_Disputes/issues/200","2025-07-10"
"Unknown","/Users/manuelnieves/Desktop/Bitcoin_Notices_2025/wallet_cpp_notices/Licensing_Notice_Crypto-Currency_bitbar_wallet_cpp.pdf","TO_BE_ADDED","https://github.com/Manny27nyc/Licensing_Disputes/issues/201","2025-07-10"
"Unknown","/Users/manuelnieves/Desktop/Bitcoin_Notices_2025/wallet_cpp_notices/Licensing_Notice_Blockstream_green_qt_wallet_cpp.pdf","TO_BE_ADDED","https://github.com/Manny27nyc/Licensing_Disputes/issues/202","2025-07-10"
"Unknown","/Users/manuelnieves/Desktop/Bitcoin_Notices_2025/wallet_cpp_notices/Licensing_Notice_Cinnicoin_CinniCoin_wallet_cpp.pdf","TO_BE_ADDED","https://github.com/Manny27nyc/Licensing_Disputes/issues/203","2025-07-10"
"Unknown","/Users/manuelnieves/Desktop/Bitcoin_Notices_2025/wallet_cpp_notices/Licensing_Notice_zeroreserve_ZeroReserve_wallet_cpp.pdf","TO_BE_ADDED","https://github.com/Manny27nyc/Licensing_Disputes/issues/204","2025-07-10"
"Unknown","/Users/manuelnieves/Desktop/Bitcoin_Notices_2025/wallet_cpp_notices/Licensing_Notice_forceunited_force_wallet_cpp.pdf","TO_BE_ADDED","https://github.com/Manny27nyc/Licensing_Disputes/issues/205","2025-07-10"
"Unknown","/Users/manuelnieves/Desktop/Bitcoin_Notices_2025/wallet_cpp_notices/Licensing_Notice_xtrabytesteam_xfuelclient_wallet_cpp.pdf","TO_BE_ADDED","https://github.com/Manny27nyc/Licensing_Disputes/issues/206","2025-07-10"
"Unknown","/Users/manuelnieves/Desktop/Bitcoin_Notices_2025/wallet_cpp_notices/Licensing_Notice_XTRABYTES_XTRABYTES_wallet_cpp.pdf","TO_BE_ADDED","https://github.com/Manny27nyc/Licensing_Disputes/issues/207","2025-07-10"
"Unknown","/Users/manuelnieves/Desktop/Bitcoin_Notices_2025/wallet_cpp_notices/Licensing_Notice_lomocoin_lomocoin-qt_wallet_cpp.pdf","TO_BE_ADDED","https://github.com/Manny27nyc/Licensing_Disputes/issues/208","2025-07-10"
"Unknown","/Users/manuelnieves/Desktop/Bitcoin_Notices_2025/wallet_cpp_notices/Licensing_Notice_1UP-Coin_1UP_wallet_cpp.pdf","TO_BE_ADDED","https://github.com/Manny27nyc/Licensing_Disputes/issues/209","2025-07-10"
"Unknown","/Users/manuelnieves/Desktop/Bitcoin_Notices_2025/wallet_cpp_notices/Licensing_Notice_thanh-vt_ewallet-manager_wallet_cpp.pdf","TO_BE_ADDED","https://github.com/Manny27nyc/Licensing_Disputes/issues/210","2025-07-10"
"Unknown","/Users/manuelnieves/Desktop/Bitcoin_Notices_2025/Invoice_Batch_285001_300000_202507.pdf","TO_BE_ADDED","https://github.com/Manny27nyc/Licensing_Disputes/issues/211","2025-07-10"
"Unknown","/Users/manuelnieves/Desktop/Bitcoin_Notices_2025/Invoice_Batch_365001_370000_202507.pdf","TO_BE_ADDED","https://github.com/Manny27nyc/Licensing_Disputes/issues/212","2025-07-10"
"Unknown","/Users/manuelnieves/Desktop/Bitcoin_Notices_2025/Invoice_Batch_65001_70000_202507.pdf","TO_BE_ADDED","https://github.com/Manny27nyc/Licensing_Disputes/issues/213","2025-07-10"
"Unknown","/Users/manuelnieves/Desktop/Bitcoin_Notices_2025/Invoice_Batch_155001_160000_202507.pdf","TO_BE_ADDED","https://github.com/Manny27nyc/Licensing_Disputes/issues/214","2025-07-10"
"Unknown","/Users/manuelnieves/Desktop/Bitcoin_Notices_2025/Invoice_Batch_25001_27000_202507.pdf","TO_BE_ADDED","https://github.com/Manny27nyc/Licensing_Disputes/issues/215","2025-07-10"
"Unknown","/Users/manuelnieves/Desktop/Bitcoin_Notices_2025/Invoice_Batch_100001_105000_202507.pdf","TO_BE_ADDED","https://github.com/Manny27nyc/Licensing_Disputes/issues/216","2025-07-10"
"Unknown","/Users/manuelnieves/Desktop/Bitcoin_Notices_2025/Invoice_Batch_175001_180000_202507.pdf","TO_BE_ADDED","https://github.com/Manny27nyc/Licensing_Disputes/issues/217","2025-07-10"
"Unknown","/Users/manuelnieves/Desktop/Bitcoin_Notices_2025/Invoice_Batch_115001_120000_202507.pdf","TO_BE_ADDED","https://github.com/Manny27nyc/Licensing_Disputes/issues/218","2025-07-10"
"Unknown","/Users/manuelnieves/Desktop/Bitcoin_Notices_2025/Invoice_Batch_140001_145000_202507.pdf","TO_BE_ADDED","https://github.com/Manny27nyc/Licensing_Disputes/issues/219","2025-07-10"
"Unknown","/Users/manuelnieves/Desktop/Bitcoin_Notices_2025/Invoice_Batch_1035001_1055000_202507.pdf","TO_BE_ADDED","https://github.com/Manny27nyc/Licensing_Disputes/issues/220","2025-07-10"
"Unknown","/Users/manuelnieves/Desktop/Bitcoin_Notices_2025/Licensing_Notice_token-core-ios_20250708.pdf","TO_BE_ADDED","https://github.com/Manny27nyc/Licensing_Disputes/issues/221","2025-07-10"
"Unknown","/Users/manuelnieves/Desktop/Bitcoin_Notices_2025/Invoice_Batch_135001_140000_202507.pdf","TO_BE_ADDED","https://github.com/Manny27nyc/Licensing_Disputes/issues/222","2025-07-10"
"Unknown","/Users/manuelnieves/Desktop/Bitcoin_Notices_2025/Invoice_Batch_37001_39000_202507.pdf","TO_BE_ADDED","https://github.com/Manny27nyc/Licensing_Disputes/issues/223","2025-07-10"
"Unknown","/Users/manuelnieves/Desktop/Bitcoin_Notices_2025/Invoice_Batch_000001_500000_202507.pdf","TO_BE_ADDED","https://github.com/Manny27nyc/Licensing_Disputes/issues/224","2025-07-10"
"Unknown","/Users/manuelnieves/Desktop/Bitcoin_Notices_2025/Invoice_Batch_Next3_Round3_202507.pdf","TO_BE_ADDED","https://github.com/Manny27nyc/Licensing_Disputes/issues/225","2025-07-10"
"Unknown","/Users/manuelnieves/Desktop/Bitcoin_Notices_2025/Invoice_Batch_325001_330000_202507.pdf","TO_BE_ADDED","https://github.com/Manny27nyc/Licensing_Disputes/issues/226","2025-07-10"
"Unknown","/Users/manuelnieves/Desktop/Bitcoin_Notices_2025/Old_Versions_Backup/Licensing_Notice_Authorship_Audit_WalletBundle_202507_202507.pdf","TO_BE_ADDED","https://github.com/Manny27nyc/Licensing_Disputes/issues/227","2025-07-10"
"Unknown","/Users/manuelnieves/Desktop/Bitcoin_Notices_2025/Old_Versions_Backup/Licensing_Notice_WalletBundleEnforcement_202507_202507.pdf","TO_BE_ADDED","https://github.com/Manny27nyc/Licensing_Disputes/issues/228","2025-07-10"
"Unknown","/Users/manuelnieves/Desktop/Bitcoin_Notices_2025/Old_Versions_Backup/Generated_Notice_With_Fees.pdf","TO_BE_ADDED","https://github.com/Manny27nyc/Licensing_Disputes/issues/229","2025-07-10"
"Unknown","/Users/manuelnieves/Desktop/Bitcoin_Notices_2025/Old_Versions_Backup/Cover_Letter_CoreBitcoin_20250708.pdf","TO_BE_ADDED","https://github.com/Manny27nyc/Licensing_Disputes/issues/230","2025-07-10"
"Unknown","/Users/manuelnieves/Desktop/Bitcoin_Notices_2025/Old_Versions_Backup/Licensing_Notice_BitcoinExchangeAudit_202507_202507.pdf","TO_BE_ADDED","https://github.com/Manny27nyc/Licensing_Disputes/issues/231","2025-07-10"
"Unknown","/Users/manuelnieves/Desktop/Bitcoin_Notices_2025/Old_Versions_Backup/Licensing_Notice_CoreBitcoin_202507.pdf","TO_BE_ADDED","https://github.com/Manny27nyc/Licensing_Disputes/issues/232","2025-07-10"
"Unknown","/Users/manuelnieves/Desktop/Bitcoin_Notices_2025/Old_Versions_Backup/Generated_Notice_Template.pdf","TO_BE_ADDED","https://github.com/Manny27nyc/Licensing_Disputes/issues/233","2025-07-10"
"Unknown","/Users/manuelnieves/Desktop/Bitcoin_Notices_2025/Old_Versions_Backup/Licensing_Notice_BITCOIN_LEGAL_AUDIT_20250629_202507.pdf","TO_BE_ADDED","https://github.com/Manny27nyc/Licensing_Disputes/issues/234","2025-07-10"
"Unknown","/Users/manuelnieves/Desktop/Bitcoin_Notices_2025/Old_Versions_Backup/Licensing_Notice_token-core-ios_20250708.pdf","TO_BE_ADDED","https://github.com/Manny27nyc/Licensing_Disputes/issues/235","2025-07-10"
"Unknown","/Users/manuelnieves/Desktop/Bitcoin_Notices_2025/Old_Versions_Backup/Licensing_Notice_BITCOIN_ENFORCEMENT_20250705_202507.pdf","TO_BE_ADDED","https://github.com/Manny27nyc/Licensing_Disputes/issues/236","2025-07-10"
"Unknown","/Users/manuelnieves/Desktop/Bitcoin_Notices_2025/Old_Versions_Backup/Licensing_Notice_Authorship_Audit_WalletBundle_202507.pdf","TO_BE_ADDED","https://github.com/Manny27nyc/Licensing_Disputes/issues/237","2025-07-10"
"Unknown","/Users/manuelnieves/Desktop/Bitcoin_Notices_2025/Old_Versions_Backup/Licensing_Notice_PoW_Authorship_Audit_202507_202507.pdf","TO_BE_ADDED","https://github.com/Manny27nyc/Licensing_Disputes/issues/238","2025-07-10"
"Unknown","/Users/manuelnieves/Desktop/Bitcoin_Notices_2025/Old_Versions_Backup/Licensing_Notice_NewRepo_Example_202507_202507.pdf","TO_BE_ADDED","https://github.com/Manny27nyc/Licensing_Disputes/issues/239","2025-07-10"
"Unknown","/Users/manuelnieves/Desktop/Bitcoin_Notices_2025/Old_Versions_Backup/Licensing_Notice_ENFORCEMENT__202507.pdf","TO_BE_ADDED","https://github.com/Manny27nyc/Licensing_Disputes/issues/240","2025-07-10"
"Unknown","/Users/manuelnieves/Desktop/Bitcoin_Notices_2025/Licensing_Notice_BITCOIN_ENFORCEMENT_20250705_202507.pdf","TO_BE_ADDED","https://github.com/Manny27nyc/Licensing_Disputes/issues/241","2025-07-10"
"Unknown","/Users/manuelnieves/Desktop/Bitcoin_Notices_2025/Invoice_Batch_210001_215000_202507.pdf","TO_BE_ADDED","https://github.com/Manny27nyc/Licensing_Disputes/issues/242","2025-07-10"
"Unknown","/Users/manuelnieves/Desktop/Bitcoin_Notices_2025/Batch/minvs1__bitcoin.lt_Notice.pdf","TO_BE_ADDED","https://github.com/Manny27nyc/Licensing_Disputes/issues/243","2025-07-10"
"Unknown","/Users/manuelnieves/Desktop/Bitcoin_Notices_2025/Batch/JianBinWu_Wallet-iOS_Notice.pdf","TO_BE_ADDED","https://github.com/Manny27nyc/Licensing_Disputes/issues/244","2025-07-10"
"Unknown","/Users/manuelnieves/Desktop/Bitcoin_Notices_2025/Batch/blockchain-foundry_gcoin-community_Notice.pdf","TO_BE_ADDED","https://github.com/Manny27nyc/Licensing_Disputes/issues/245","2025-07-10"
"Unknown","/Users/manuelnieves/Desktop/Bitcoin_Notices_2025/Batch/palliums-developers__ViolasWallet-iOS_Notice.pdf","TO_BE_ADDED","https://github.com/Manny27nyc/Licensing_Disputes/issues/246","2025-07-10"
"Unknown","/Users/manuelnieves/Desktop/Bitcoin_Notices_2025/Batch/sim590_dpaste_Notice.pdf","TO_BE_ADDED","https://github.com/Manny27nyc/Licensing_Disputes/issues/247","2025-07-10"
"Unknown","/Users/manuelnieves/Desktop/Bitcoin_Notices_2025/Batch/mattrybin_mateuszrybin.github.io_Notice.pdf","TO_BE_ADDED","https://github.com/Manny27nyc/Licensing_Disputes/issues/248","2025-07-10"
"Unknown","/Users/manuelnieves/Desktop/Bitcoin_Notices_2025/Batch/miguelfreitas__twister-core_Notice.pdf","TO_BE_ADDED","https://github.com/Manny27nyc/Licensing_Disputes/issues/249","2025-07-10"
"Unknown","/Users/manuelnieves/Desktop/Bitcoin_Notices_2025/Batch/blocktree__BitcoinSwift_Notice.pdf","TO_BE_ADDED","https://github.com/Manny27nyc/Licensing_Disputes/issues/250","2025-07-10"
"Unknown","/Users/manuelnieves/Desktop/Bitcoin_Notices_2025/Batch/minvs1_bitcoin.lt_Notice.pdf","TO_BE_ADDED","https://github.com/Manny27nyc/Licensing_Disputes/issues/251","2025-07-10"
"Unknown","/Users/manuelnieves/Desktop/Bitcoin_Notices_2025/Batch/consenlabs_token-core-ios_Notice.pdf","TO_BE_ADDED","https://github.com/Manny27nyc/Licensing_Disputes/issues/252","2025-07-10"
"Unknown","/Users/manuelnieves/Desktop/Bitcoin_Notices_2025/Batch/miguelfreitas_twister-core_Notice.pdf","TO_BE_ADDED","https://github.com/Manny27nyc/Licensing_Disputes/issues/253","2025-07-10"
"Unknown","/Users/manuelnieves/Desktop/Bitcoin_Notices_2025/Batch/blocktree_BitcoinSwift_Notice.pdf","TO_BE_ADDED","https://github.com/Manny27nyc/Licensing_Disputes/issues/254","2025-07-10"
"Unknown","/Users/manuelnieves/Desktop/Bitcoin_Notices_2025/Batch/mattrybin__mateuszrybin.github.io_Notice.pdf","TO_BE_ADDED","https://github.com/Manny27nyc/Licensing_Disputes/issues/255","2025-07-10"
"Unknown","/Users/manuelnieves/Desktop/Bitcoin_Notices_2025/Batch/palliums-developers_ViolasWallet-iOS_Notice.pdf","TO_BE_ADDED","https://github.com/Manny27nyc/Licensing_Disputes/issues/256","2025-07-10"
"Unknown","/Users/manuelnieves/Desktop/Bitcoin_Notices_2025/Batch/bitcoinlt_bitcoinlt.github.io_Notice.pdf","TO_BE_ADDED","https://github.com/Manny27nyc/Licensing_Disputes/issues/257","2025-07-10"
"Unknown","/Users/manuelnieves/Desktop/Bitcoin_Notices_2025/Batch/JianBinWu__Wallet-iOS_Notice.pdf","TO_BE_ADDED","https://github.com/Manny27nyc/Licensing_Disputes/issues/258","2025-07-10"
"Unknown","/Users/manuelnieves/Desktop/Bitcoin_Notices_2025/Batch/bitcoinlt__bitcoinlt.github.io_Notice.pdf","TO_BE_ADDED","https://github.com/Manny27nyc/Licensing_Disputes/issues/259","2025-07-10"
"Unknown","/Users/manuelnieves/Desktop/Bitcoin_Notices_2025/Batch/consenlabs__token-core-ios_Notice.pdf","TO_BE_ADDED","https://github.com/Manny27nyc/Licensing_Disputes/issues/260","2025-07-10"
"Unknown","/Users/manuelnieves/Desktop/Bitcoin_Notices_2025/Batch/sim590__dpaste_Notice.pdf","TO_BE_ADDED","https://github.com/Manny27nyc/Licensing_Disputes/issues/261","2025-07-10"
"Unknown","/Users/manuelnieves/Desktop/Bitcoin_Notices_2025/Batch/blockchain-foundry__gcoin-community_Notice.pdf","TO_BE_ADDED","https://github.com/Manny27nyc/Licensing_Disputes/issues/262","2025-07-10"
"Unknown","/Users/manuelnieves/Desktop/Bitcoin_Notices_2025/Invoice_Batch_405001_420000_202507.pdf","TO_BE_ADDED","https://github.com/Manny27nyc/Licensing_Disputes/issues/263","2025-07-10"
"Unknown","/Users/manuelnieves/Desktop/Bitcoin_Notices_2025/Invoice_Batch_175001_190000_202507.pdf","TO_BE_ADDED","https://github.com/Manny27nyc/Licensing_Disputes/issues/264","2025-07-10"
"Unknown","/Users/manuelnieves/Desktop/Bitcoin_Notices_2025/Invoice_Batch_9001_11000_202507.pdf","TO_BE_ADDED","https://github.com/Manny27nyc/Licensing_Disputes/issues/265","2025-07-10"
"Unknown","/Users/manuelnieves/Desktop/Bitcoin_Notices_2025/Invoice_Batch_945001_1045000_202507.pdf","TO_BE_ADDED","https://github.com/Manny27nyc/Licensing_Disputes/issues/266","2025-07-10"
"Unknown","/Users/manuelnieves/Desktop/Bitcoin_Notices_2025/Invoice_Batch_390001_405000_202507.pdf","TO_BE_ADDED","https://github.com/Manny27nyc/Licensing_Disputes/issues/267","2025-07-10"
"Unknown","/Users/manuelnieves/Desktop/Bitcoin_Notices_2025/Licensing_Notice_Authorship_Audit_WalletBundle_202507.pdf","TO_BE_ADDED","https://github.com/Manny27nyc/Licensing_Disputes/issues/268","2025-07-10"
"Unknown","/Users/manuelnieves/Desktop/Bitcoin_Notices_2025/Invoice_Batch_202507.pdf","TO_BE_ADDED","https://github.com/Manny27nyc/Licensing_Disputes/issues/269","2025-07-10"
"Unknown","/Users/manuelnieves/Desktop/Bitcoin_Notices_2025/Invoice_Batch_250001_255000_202507.pdf","TO_BE_ADDED","https://github.com/Manny27nyc/Licensing_Disputes/issues/270","2025-07-10"
"Unknown","/Users/manuelnieves/Desktop/Bitcoin_Notices_2025/Invoice_Batch_21001_23000_202507.pdf","TO_BE_ADDED","https://github.com/Manny27nyc/Licensing_Disputes/issues/271","2025-07-10"
"Unknown","/Users/manuelnieves/Desktop/Bitcoin_Notices_2025/Invoice_Batch_560001_580000_202507.pdf","TO_BE_ADDED","https://github.com/Manny27nyc/Licensing_Disputes/issues/272","2025-07-10"
"Unknown","/Users/manuelnieves/Desktop/Bitcoin_Notices_2025/Invoice_Batch_460001_470000_202507.pdf","TO_BE_ADDED","https://github.com/Manny27nyc/Licensing_Disputes/issues/273","2025-07-10"
"Unknown","/Users/manuelnieves/Desktop/Bitcoin_Notices_2025/Invoice_Batch_350001_355000_202507.pdf","TO_BE_ADDED","https://github.com/Manny27nyc/Licensing_Disputes/issues/274","2025-07-10"
"Unknown","/Users/manuelnieves/Desktop/Bitcoin_Notices_2025/Invoice_Batch_Top1000_7_202507.pdf","TO_BE_ADDED","https://github.com/Manny27nyc/Licensing_Disputes/issues/275","2025-07-10"
"Unknown","/Users/manuelnieves/Desktop/Bitcoin_Notices_2025/Invoice_Batch_420001_430000_202507.pdf","TO_BE_ADDED","https://github.com/Manny27nyc/Licensing_Disputes/issues/276","2025-07-10"
"Unknown","/Users/manuelnieves/Desktop/Bitcoin_Notices_2025/Invoice_Batch_310001_315000_202507.pdf","TO_BE_ADDED","https://github.com/Manny27nyc/Licensing_Disputes/issues/277","2025-07-10"
"Unknown","/Users/manuelnieves/Desktop/Bitcoin_Notices_2025/Invoice_Batch_290001_295000_202507.pdf","TO_BE_ADDED","https://github.com/Manny27nyc/Licensing_Disputes/issues/278","2025-07-10"
"Unknown","/Users/manuelnieves/Desktop/Bitcoin_Notices_2025/Invoice_Batch_525001_540000_202507.pdf","TO_BE_ADDED","https://github.com/Manny27nyc/Licensing_Disputes/issues/279","2025-07-10"
"Unknown","/Users/manuelnieves/Desktop/Bitcoin_Notices_2025/Invoice_Batch_41001_45000_202507.pdf","TO_BE_ADDED","https://github.com/Manny27nyc/Licensing_Disputes/issues/280","2025-07-10"
"Unknown","/Users/manuelnieves/Desktop/Bitcoin_Notices_2025/Invoice_Batch_540001_560000_202507.pdf","TO_BE_ADDED","https://github.com/Manny27nyc/Licensing_Disputes/issues/281","2025-07-10"
"Unknown","/Users/manuelnieves/Desktop/Bitcoin_Notices_2025/Invoice_Batch_510001_525000_202507.pdf","TO_BE_ADDED","https://github.com/Manny27nyc/Licensing_Disputes/issues/282","2025-07-10"
"Unknown","/Users/manuelnieves/Desktop/Bitcoin_Notices_2025/Invoice_Batch_305001_310000_202507.pdf","TO_BE_ADDED","https://github.com/Manny27nyc/Licensing_Disputes/issues/283","2025-07-10"
"Unknown","/Users/manuelnieves/Desktop/Bitcoin_Notices_2025/Invoice_Batch_285001_290000_202507.pdf","TO_BE_ADDED","https://github.com/Manny27nyc/Licensing_Disputes/issues/284","2025-07-10"
"Unknown","/Users/manuelnieves/Desktop/Bitcoin_Notices_2025/Invoice_Batch_1045001_1200000_202507.pdf","TO_BE_ADDED","https://github.com/Manny27nyc/Licensing_Disputes/issues/285","2025-07-10"
"Unknown","/Users/manuelnieves/Desktop/Bitcoin_Notices_2025/Invoice_Batch_13001_15000_202507.pdf","TO_BE_ADDED","https://github.com/Manny27nyc/Licensing_Disputes/issues/286","2025-07-10"
"Unknown","/Users/manuelnieves/Desktop/Bitcoin_Notices_2025/Invoice_Batch_160001_165000_202507.pdf","TO_BE_ADDED","https://github.com/Manny27nyc/Licensing_Disputes/issues/287","2025-07-10"
"Unknown","/Users/manuelnieves/Desktop/Bitcoin_Notices_2025/Licensing_Notice_PoW_Authorship_Audit_202507_202507.pdf","TO_BE_ADDED","https://github.com/Manny27nyc/Licensing_Disputes/issues/288","2025-07-10"
"Unknown","/Users/manuelnieves/Desktop/Bitcoin_Notices_2025/Invoice_Batch_120001_125000_202507.pdf","TO_BE_ADDED","https://github.com/Manny27nyc/Licensing_Disputes/issues/289","2025-07-10"
"Unknown","/Users/manuelnieves/Desktop/Bitcoin_Notices_2025/Invoice_Batch_345001_350000_202507.pdf","TO_BE_ADDED","https://github.com/Manny27nyc/Licensing_Disputes/issues/290","2025-07-10"
"Unknown","/Users/manuelnieves/Desktop/Bitcoin_Notices_2025/Invoice_Batch_745001_795000_202507.pdf","TO_BE_ADDED","https://github.com/Manny27nyc/Licensing_Disputes/issues/291","2025-07-10"
"Unknown","/Users/manuelnieves/Desktop/Bitcoin_Notices_2025/Invoice_Batch_19001_21000_202507.pdf","TO_BE_ADDED","https://github.com/Manny27nyc/Licensing_Disputes/issues/292","2025-07-10"
"Unknown","/Users/manuelnieves/Desktop/Bitcoin_Notices_2025/Licensing_Notice_NewRepo_Example_202507_202507.pdf","TO_BE_ADDED","https://github.com/Manny27nyc/Licensing_Disputes/issues/293","2025-07-10"
"Unknown","/Users/manuelnieves/Desktop/Bitcoin_Notices_2025/Invoice_Batch_380001_390000_202507.pdf","TO_BE_ADDED","https://github.com/Manny27nyc/Licensing_Disputes/issues/294","2025-07-10"
"Unknown","/Users/manuelnieves/Desktop/Bitcoin_Notices_2025/Invoice_Batch_645001_695000_202507.pdf","TO_BE_ADDED","https://github.com/Manny27nyc/Licensing_Disputes/issues/295","2025-07-10"
"Unknown","/Users/manuelnieves/Desktop/Bitcoin_Notices_2025/Invoice_Batch_995001_1015000_202507.pdf","TO_BE_ADDED","https://github.com/Manny27nyc/Licensing_Disputes/issues/296","2025-07-10"
"Unknown","/Users/manuelnieves/Desktop/Bitcoin_Notices_2025/Invoice_Batch_245001_250000_202507.pdf","TO_BE_ADDED","https://github.com/Manny27nyc/Licensing_Disputes/issues/297","2025-07-10"
"Unknown","/Users/manuelnieves/Desktop/Bitcoin_Notices_2025/Invoice_Batch_Next3_202507.pdf","TO_BE_ADDED","https://github.com/Manny27nyc/Licensing_Disputes/issues/298","2025-07-10"
"Unknown","/Users/manuelnieves/Desktop/Bitcoin_Notices_2025/Invoice_Batch_205001_210000_202507.pdf","TO_BE_ADDED","https://github.com/Manny27nyc/Licensing_Disputes/issues/299","2025-07-10"
"Unknown","/Users/manuelnieves/Desktop/Bitcoin_Notices_2025/Invoice_Batch_50001_55000_202507.pdf","TO_BE_ADDED","https://github.com/Manny27nyc/Licensing_Disputes/issues/300","2025-07-10"
"Unknown","/Users/manuelnieves/Desktop/Bitcoin_Notices_2025/Invoice_Batch_31001_33000_202507.pdf","TO_BE_ADDED","https://github.com/Manny27nyc/Licensing_Disputes/issues/301","2025-07-10"
"Unknown","/Users/manuelnieves/Desktop/Bitcoin_Notices_2025/Invoice_Batch_75001_80000_202507.pdf","TO_BE_ADDED","https://github.com/Manny27nyc/Licensing_Disputes/issues/302","2025-07-10"
"Unknown","/Users/manuelnieves/Desktop/Bitcoin_Notices_2025/Invoice_Batch_330001_335000_202507.pdf","TO_BE_ADDED","https://github.com/Manny27nyc/Licensing_Disputes/issues/303","2025-07-10"
"Unknown","/Users/manuelnieves/Desktop/Bitcoin_Notices_2025/Invoice_Batch_400001_410000_202507.pdf","TO_BE_ADDED","https://github.com/Manny27nyc/Licensing_Disputes/issues/304","2025-07-10"
"Unknown","/Users/manuelnieves/Desktop/Bitcoin_Notices_2025/Invoice_Batch_275001_285000_202507.pdf","TO_BE_ADDED","https://github.com/Manny27nyc/Licensing_Disputes/issues/305","2025-07-10"
"Unknown","/Users/manuelnieves/Desktop/Bitcoin_Notices_2025/Invoice_Batch_Top1000_8_202507.pdf","TO_BE_ADDED","https://github.com/Manny27nyc/Licensing_Disputes/issues/306","2025-07-10"
"Unknown","/Users/manuelnieves/Desktop/Bitcoin_Notices_2025/Updated/Updated_Generated_Notice_With_Fees.pdf","TO_BE_ADDED","https://github.com/Manny27nyc/Licensing_Disputes/issues/307","2025-07-10"
"Unknown","/Users/manuelnieves/Desktop/Bitcoin_Notices_2025/Updated/Updated_Cover_Letter_CoreBitcoin_20250708.pdf","TO_BE_ADDED","https://github.com/Manny27nyc/Licensing_Disputes/issues/308","2025-07-10"
"Unknown","/Users/manuelnieves/Desktop/Bitcoin_Notices_2025/Updated/Updated_Licensing_Notice_Authorship_Audit_WalletBundle_202507_202507.pdf","TO_BE_ADDED","https://github.com/Manny27nyc/Licensing_Disputes/issues/309","2025-07-10"
"Unknown","/Users/manuelnieves/Desktop/Bitcoin_Notices_2025/Updated/Updated_Licensing_Notice_CoreBitcoin_202507.pdf","TO_BE_ADDED","https://github.com/Manny27nyc/Licensing_Disputes/issues/310","2025-07-10"
"Unknown","/Users/manuelnieves/Desktop/Bitcoin_Notices_2025/Updated/Updated_Licensing_Notice_WalletBundleEnforcement_202507_202507.pdf","TO_BE_ADDED","https://github.com/Manny27nyc/Licensing_Disputes/issues/311","2025-07-10"
"Unknown","/Users/manuelnieves/Desktop/Bitcoin_Notices_2025/Updated/Updated_Licensing_Notice_Authorship_Audit_WalletBundle_202507.pdf","TO_BE_ADDED","https://github.com/Manny27nyc/Licensing_Disputes/issues/312","2025-07-10"
"Unknown","/Users/manuelnieves/Desktop/Bitcoin_Notices_2025/Updated/Updated_Licensing_Notice_NewRepo_Example_202507_202507.pdf","TO_BE_ADDED","https://github.com/Manny27nyc/Licensing_Disputes/issues/313","2025-07-10"
"Unknown","/Users/manuelnieves/Desktop/Bitcoin_Notices_2025/Updated/Updated_Licensing_Notice_BitcoinExchangeAudit_202507_202507.pdf","TO_BE_ADDED","https://github.com/Manny27nyc/Licensing_Disputes/issues/314","2025-07-10"
"Unknown","/Users/manuelnieves/Desktop/Bitcoin_Notices_2025/Updated/Updated_Licensing_Notice_ENFORCEMENT__202507.pdf","TO_BE_ADDED","https://github.com/Manny27nyc/Licensing_Disputes/issues/315","2025-07-10"
"Unknown","/Users/manuelnieves/Desktop/Bitcoin_Notices_2025/Updated/Updated_Licensing_Notice_BITCOIN_LEGAL_AUDIT_20250629_202507.pdf","TO_BE_ADDED","https://github.com/Manny27nyc/Licensing_Disputes/issues/316","2025-07-10"
"Unknown","/Users/manuelnieves/Desktop/Bitcoin_Notices_2025/Updated/Updated_Licensing_Notice_token-core-ios_20250708.pdf","TO_BE_ADDED","https://github.com/Manny27nyc/Licensing_Disputes/issues/317","2025-07-10"
"Unknown","/Users/manuelnieves/Desktop/Bitcoin_Notices_2025/Updated/Updated_Licensing_Notice_BITCOIN_ENFORCEMENT_20250705_202507.pdf","TO_BE_ADDED","https://github.com/Manny27nyc/Licensing_Disputes/issues/318","2025-07-10"
"Unknown","/Users/manuelnieves/Desktop/Bitcoin_Notices_2025/Updated/Updated_Licensing_Notice_PoW_Authorship_Audit_202507_202507.pdf","TO_BE_ADDED","https://github.com/Manny27nyc/Licensing_Disputes/issues/319","2025-07-10"
"Unknown","/Users/manuelnieves/Desktop/Bitcoin_Notices_2025/Updated/Updated_Generated_Notice_Template.pdf","TO_BE_ADDED","https://github.com/Manny27nyc/Licensing_Disputes/issues/320","2025-07-10"
"Unknown","/Users/manuelnieves/Desktop/Bitcoin_Notices_2025/Invoice_Batch_440001_450000_202507.pdf","TO_BE_ADDED","https://github.com/Manny27nyc/Licensing_Disputes/issues/321","2025-07-10"
"Unknown","/Users/manuelnieves/Desktop/Bitcoin_Notices_2025/Invoice_Batch_1075001_1095000_202507.pdf","TO_BE_ADDED","https://github.com/Manny27nyc/Licensing_Disputes/issues/322","2025-07-10"
"Unknown","/Users/manuelnieves/Desktop/Bitcoin_Notices_2025/Licensing_Notice_ENFORCEMENT__202507.pdf","TO_BE_ADDED","https://github.com/Manny27nyc/Licensing_Disputes/issues/323","2025-07-10"
"Unknown","/Users/manuelnieves/Desktop/Bitcoin_Notices_2025/Invoice_Batch_27001_29000_202507.pdf","TO_BE_ADDED","https://github.com/Manny27nyc/Licensing_Disputes/issues/324","2025-07-10"
"Unknown","/Users/manuelnieves/Desktop/Bitcoin_Notices_2025/Invoice_Batch_Top1000_5_202507.pdf","TO_BE_ADDED","https://github.com/Manny27nyc/Licensing_Disputes/issues/325","2025-07-10"
"Unknown","/Users/manuelnieves/Desktop/Bitcoin_Notices_2025/Invoice_Batch_270001_275000_202507.pdf","TO_BE_ADDED","https://github.com/Manny27nyc/Licensing_Disputes/issues/326","2025-07-10"
"Unknown","/Users/manuelnieves/Desktop/Bitcoin_Notices_2025/Invoice_Batch_330001_345000_202507.pdf","TO_BE_ADDED","https://github.com/Manny27nyc/Licensing_Disputes/issues/327","2025-07-10"
"Unknown","/Users/manuelnieves/Desktop/Bitcoin_Notices_2025/Invoice_Batch_1015001_1035000_202507.pdf","TO_BE_ADDED","https://github.com/Manny27nyc/Licensing_Disputes/issues/328","2025-07-10"
"Unknown","/Users/manuelnieves/Desktop/Bitcoin_Notices_2025/Updated_Notices/Licensing_Notice_Authorship_Audit_WalletBundle_202507_202507.pdf","TO_BE_ADDED","https://github.com/Manny27nyc/Licensing_Disputes/issues/329","2025-07-10"
"Unknown","/Users/manuelnieves/Desktop/Bitcoin_Notices_2025/Updated_Notices/Licensing_Notice_WalletBundleEnforcement_202507_202507.pdf","TO_BE_ADDED","https://github.com/Manny27nyc/Licensing_Disputes/issues/330","2025-07-10"
"Unknown","/Users/manuelnieves/Desktop/Bitcoin_Notices_2025/Updated_Notices/Generated_Notice_With_Fees.pdf","TO_BE_ADDED","https://github.com/Manny27nyc/Licensing_Disputes/issues/331","2025-07-10"
"Unknown","/Users/manuelnieves/Desktop/Bitcoin_Notices_2025/Updated_Notices/Cover_Letter_CoreBitcoin_20250708.pdf","TO_BE_ADDED","https://github.com/Manny27nyc/Licensing_Disputes/issues/332","2025-07-10"
"Unknown","/Users/manuelnieves/Desktop/Bitcoin_Notices_2025/Updated_Notices/Licensing_Notice_BitcoinExchangeAudit_202507_202507.pdf","TO_BE_ADDED","https://github.com/Manny27nyc/Licensing_Disputes/issues/333","2025-07-10"
"Unknown","/Users/manuelnieves/Desktop/Bitcoin_Notices_2025/Updated_Notices/Licensing_Notice_CoreBitcoin_202507.pdf","TO_BE_ADDED","https://github.com/Manny27nyc/Licensing_Disputes/issues/334","2025-07-10"
"Unknown","/Users/manuelnieves/Desktop/Bitcoin_Notices_2025/Updated_Notices/Generated_Notice_Template.pdf","TO_BE_ADDED","https://github.com/Manny27nyc/Licensing_Disputes/issues/335","2025-07-10"
"Unknown","/Users/manuelnieves/Desktop/Bitcoin_Notices_2025/Updated_Notices/Licensing_Notice_BITCOIN_LEGAL_AUDIT_20250629_202507.pdf","TO_BE_ADDED","https://github.com/Manny27nyc/Licensing_Disputes/issues/336","2025-07-10"
"Unknown","/Users/manuelnieves/Desktop/Bitcoin_Notices_2025/Updated_Notices/Licensing_Notice_token-core-ios_20250708.pdf","TO_BE_ADDED","https://github.com/Manny27nyc/Licensing_Disputes/issues/337","2025-07-10"
"Unknown","/Users/manuelnieves/Desktop/Bitcoin_Notices_2025/Updated_Notices/Licensing_Notice_BITCOIN_ENFORCEMENT_20250705_202507.pdf","TO_BE_ADDED","https://github.com/Manny27nyc/Licensing_Disputes/issues/338","2025-07-10"
"Unknown","/Users/manuelnieves/Desktop/Bitcoin_Notices_2025/Updated_Notices/Licensing_Notice_Authorship_Audit_WalletBundle_202507.pdf","TO_BE_ADDED","https://github.com/Manny27nyc/Licensing_Disputes/issues/339","2025-07-10"
"Unknown","/Users/manuelnieves/Desktop/Bitcoin_Notices_2025/Updated_Notices/Licensing_Notice_PoW_Authorship_Audit_202507_202507.pdf","TO_BE_ADDED","https://github.com/Manny27nyc/Licensing_Disputes/issues/340","2025-07-10"
"Unknown","/Users/manuelnieves/Desktop/Bitcoin_Notices_2025/Updated_Notices/Licensing_Notice_NewRepo_Example_202507_202507.pdf","TO_BE_ADDED","https://github.com/Manny27nyc/Licensing_Disputes/issues/341","2025-07-10"
"Unknown","/Users/manuelnieves/Desktop/Bitcoin_Notices_2025/Updated_Notices/Licensing_Notice_ENFORCEMENT__202507.pdf","TO_BE_ADDED","https://github.com/Manny27nyc/Licensing_Disputes/issues/342","2025-07-10"
"Unknown","/Users/manuelnieves/Desktop/Bitcoin_Notices_2025/Invoice_Batch_350001_365000_202507.pdf","TO_BE_ADDED","https://github.com/Manny27nyc/Licensing_Disputes/issues/343","2025-07-10"
"Unknown","/Users/manuelnieves/Desktop/Bitcoin_Notices_2025/Invoice_Batch_85001_90000_202507.pdf","TO_BE_ADDED","https://github.com/Manny27nyc/Licensing_Disputes/issues/344","2025-07-10"
"Unknown","/Users/manuelnieves/Desktop/Bitcoin_Notices_2025/Invoice_Batch_35001_37000_202507.pdf","TO_BE_ADDED","https://github.com/Manny27nyc/Licensing_Disputes/issues/345","2025-07-10"
"Unknown","/Users/manuelnieves/Desktop/Bitcoin_Notices_2025/Invoice_Batch_480001_490000_202507.pdf","TO_BE_ADDED","https://github.com/Manny27nyc/Licensing_Disputes/issues/346","2025-07-10"
"Unknown","/Users/manuelnieves/Desktop/Bitcoin_Notices_2025/Invoice_Batch_500001_510000_202507.pdf","TO_BE_ADDED","https://github.com/Manny27nyc/Licensing_Disputes/issues/347","2025-07-10"
"Unknown","/Users/manuelnieves/Desktop/Bitcoin_Notices_2025/Invoice_Batch_395001_445000_202507.pdf","TO_BE_ADDED","https://github.com/Manny27nyc/Licensing_Disputes/issues/348","2025-07-10"
"Unknown","/Users/manuelnieves/Desktop/Bitcoin_Notices_2025/Invoice_Batch_230001_235000_202507.pdf","TO_BE_ADDED","https://github.com/Manny27nyc/Licensing_Disputes/issues/349","2025-07-10"
"Unknown","/Users/manuelnieves/Desktop/Bitcoin_Notices_2025/Invoice_Batch_160001_175000_202507.pdf","TO_BE_ADDED","https://github.com/Manny27nyc/Licensing_Disputes/issues/350","2025-07-10"
